,Przed (znane),Po KNN
Mean (średnia),36.97810218978102,36.926530612244896
Std (odchylenie std),9.14238250279365,8.9246168038783
Median (mediana),36.0,36.0
