,Przed (znane),Po KNN
Mean (średnia),36.97810218978102,36.94625850340136
Std (odchylenie std),9.14238250279365,8.918615253540567
Median (mediana),36.0,36.0
