,Przed (znane),Po KNN
Mean (średnia),6523.421969696969,6504.436734693878
Std (odchylenie std),4721.475266418827,4668.746378108548
Median (mediana),4933.0,4941.0
