,Przed (znane),Po KNN
Mean (średnia),6523.421969696969,6498.27074829932
Std (odchylenie std),4721.475266418827,4656.407408639875
Median (mediana),4933.0,4955.0
